Workbook

Sheet raw_data
A1: Country Name | B1: Country Code | C1: Indicator | D1: Indicator Code | E1: 2010 | F1: 2023 | G1: Change
A2: Ecuador | B2: ECU | C2: Control of Corruption: Estimate | D2: CC.EST | E2: -0.70774436 | F2: -0.64733744 | G2: =F2-E2 -> 0.060406923
A3: Ecuador | B3: ECU | C3: Voice and Accountability: Estimate | D3: VA.EST | E3: -0.23108083 | F3: -0.061911304 | G3: =F3-E3 -> 0.16916953
A4: Ecuador | B4: ECU | C4: Rule of Law: Estimate | D4: RL.EST | E4: -1.1432291 | F4: -0.95779079 | G4: =F4-E4 -> 0.18543833
A5: Ecuador | B5: ECU | C5: Regulatory Quality: Estimate | D5: RQ.EST | E5: -1.1240517 | F5: -0.71820098 | G5: =F5-E5 -> 0.40585071
A6: Ecuador | B6: ECU | C6: Political Stability and Absence of Violence/Terrorism: Estimate | D6: PV.EST | E6: -0.58667445 | F6: -0.33813998 | G6: =F6-E6 -> 0.24853447
A7: Ecuador | B7: ECU | C7: Government Effectiveness: Estimate | D7: GE.EST | E7: -0.67451125 | F7: -0.49424499 | G7: =F7-E7 -> 0.18026626
A8: Venezuela, RB | B8: VEN | C8: Control of Corruption: Estimate | D8: CC.EST | E8: -1.208009 | F8: -1.6900052 | G8: =F8-E8 -> -0.48199618
A9: Venezuela, RB | B9: VEN | C9: Voice and Accountability: Estimate | D9: VA.EST | E9: -0.8705343 | F9: -1.5313207 | G9: =F9-E9 -> -0.66078639
A10: Venezuela, RB | B10: VEN | C10: Rule of Law: Estimate | D10: RL.EST | E10: -1.6691505 | F10: -2.1515336 | G10: =F10-E10 -> -0.48238313
A11: Venezuela, RB | B11: VEN | C11: Regulatory Quality: Estimate | D11: RQ.EST | E11: -1.5631198 | F11: -2.0262475 | G11: =F11-E11 -> -0.46312773
A12: Venezuela, RB | B12: VEN | C12: Political Stability and Absence of Violence/Terrorism: Estimate | D12: PV.EST | E12: -1.2562367 | F12: -1.189028 | G12: =F12-E12 -> 0.067208648
A13: Venezuela, RB | B13: VEN | C13: Government Effectiveness: Estimate | D13: GE.EST | E13: -1.1022028 | F13: -1.599201 | G13: =F13-E13 -> -0.49699819
... A31: Chile | B31: CHL | C31: Government Effectiveness: Estimate | D31: GE.EST | E31: 1.1572418 | F31: 0.71755576 | G31: =F31-E31 -> -0.43968606

Sheet pivot_analysis

Sheet analysis_summary
A1: Country | B1: Average Change | C1: Improved | D1: Best Change | E1: Worst Change | F1: Best Indicator | G1: Worst Indicator | H1: Status | I1: Rank
A2: Ecuador | B2: =ROUND(AVERAGEIF(raw_data!B:B,"ECU",raw_data!G:G),2) -> 0.21 | C2: =COUNTIF(raw_data!G2:G7, ">0") -> 6 | D2: =ROUND(MAXIFS(raw_data!G:G, raw_data!B:B, "ECU"),2) -> 0.41 | E2: =ROUND(MINIFS(raw_data!G:G, raw_data!B:B, "ECU"),2) -> 0.06 | F2: {=INDEX(raw_data!C:C,MATCH(MAXIFS(raw_data!G:G,raw_data!B:B,"ECU"),raw_data!G:G,0))} -> Regulatory Quality: Estimate | G2: {=INDEX(raw_data!C:C,MATCH(MINIFS(raw_data!G:G,raw_data!B:B,"ECU"),raw_data!G:G,0))} -> Control of Corruption: Estimate | H2: =IF(B2>0,"Improved","Declined") -> Improved | I2: =RANK(B2,$B$2:$B$6,0) -> 1
A3: Venezuela | B3: =ROUND(AVERAGEIF(raw_data!B:B,"VEN",raw_data!G:G),2) -> -0.42 | C3: =COUNTIF(raw_data!G8:G13, ">0") -> 1 | D3: =ROUND(MAXIFS(raw_data!G:G, raw_data!B:B, "VEN"),2) -> 0.07 | E3: =ROUND(MINIFS(raw_data!G:G, raw_data!B:B, "VEN"),2) -> -0.66 | F3: {=INDEX(raw_data!C:C,MATCH(MAXIFS(raw_data!G:G,raw_data!B:B,"VEN"),raw_data!G:G,0))} -> Political Stability and Absence of Violence/Terrorism: Estimate | G3: {=INDEX(raw_data!C:C,MATCH(MINIFS(raw_data!G:G,raw_data!B:B,"VEN"),raw_data!G:G,0))} -> Voice and Accountability: Estimate | H3: =IF(B3>0,"Improved","Declined") -> Declined | I3: =RANK(B3,$B$2:$B$6,0) -> 4
A4: Uruguay | B4: =ROUND(AVERAGEIF(raw_data!B:B,"URY",raw_data!G:G),2) -> 0.13 | C4: =COUNTIF(raw_data!G14:G19, ">0") -> 5 | D4: =ROUND(MAXIFS(raw_data!G:G, raw_data!B:B, "URY"),2) -> 0.28 | E4: =ROUND(MINIFS(raw_data!G:G, raw_data!B:B, "URY"),2) -> -0.07 | F4: {=INDEX(raw_data!C:C,MATCH(MAXIFS(raw_data!G:G,raw_data!B:B,"URY"),raw_data!G:G,0))} -> Control of Corruption: Estimate | G4: {=INDEX(raw_data!C:C,MATCH(MINIFS(raw_data!G:G,raw_data!B:B,"URY"),raw_data!G:G,0))} -> Rule of Law: Estimate | H4: =IF(B4>0,"Improved","Declined") -> Improved | I4: =RANK(B4,$B$2:$B$6,0) -> 2
A5: Peru | B5: =ROUND(AVERAGEIF(raw_data!B:B,"PER",raw_data!G:G),2) -> -0.06 | C5: =COUNTIF(raw_data!G20:G25, ">0") -> 2 | D5: =ROUND(MAXIFS(raw_data!G:G, raw_data!B:B, "PER"),2) -> 0.48 | E5: =ROUND(MINIFS(raw_data!G:G, raw_data!B:B, "Per"),2) -> -0.47 | F5: {=INDEX(raw_data!C:C,MATCH(MAXIFS(raw_data!G:G,raw_data!B:B,"PER"),raw_data!G:G,0))} -> Political Stability and Absence of Violence/Terrorism: Estimate | G5: {=INDEX(raw_data!C:C,MATCH(MINIFS(raw_data!G:G,raw_data!B:B,"PER"),raw_data!G:G,0))} -> Control of Corruption: Estimate | H5: =IF(B5>0,"Improved","Declined") -> Declined | I5: =RANK(B5,$B$2:$B$6,0) -> 3
A6: Chile | B6: =ROUND(AVERAGEIF(raw_data!B:B,"CHL",raw_data!G:G),2) -> -0.44 | C6: =COUNTIF(raw_data!G26:G31, ">0") -> 0 | D6: =ROUND(MAXIFS(raw_data!G:G, raw_data!B:B, "CHL"),2) -> -0.08 | E6: =ROUND(MINIFS(raw_data!G:G, raw_data!B:B, "CHL"),2) -> -0.6 | F6: {=INDEX(raw_data!C:C,MATCH(MAXIFS(raw_data!G:G,raw_data!B:B,"CHL"),raw_data!G:G,0))} -> Voice and Accountability: Estimate | G6: {=INDEX(raw_data!C:C,MATCH(MINIFS(raw_data!G:G,raw_data!B:B,"CHL"),raw_data!G:G,0))} -> Rule of Law: Estimate | H6: =IF(B6>0,"Improved","Declined") -> Declined | I6: =RANK(B6,$B$2:$B$6,0) -> 5
